Channel,Weekly_Avg_Contribution,Total_Subscriptions_Driven,Total_Spend,ROI,CPA,Contribution_Share_%,Spend_Share_%
Influencers_Views,30.58205631089712,4801.3828408108475,17142.0,0.2800946704474885,3.5702214483494705,0.9026525898058438,0.17504921256003692
Google_Generic_Paid_Search_Impressions,1059.6894112142231,166371.23756063305,2067299.2288,0.08047757927003443,12.425821068059223,31.27753679145223,21.110669824256888
Google_Brand_Paid_Search_Clicks,840.3284380819388,131931.56477886438,1782155.86,0.07402919561640606,13.508184057296226,24.80293127482998,18.19886710723693
YouTube_Impressions,1064.5905706243668,167140.7195880256,2746892.232,0.06084720676003048,16.434608147976373,31.42219822918037,28.050479652250743
Google_Display_Impressions,46.09956075535997,7237.631038591515,263520.11516702,0.02746519382022992,36.40971939049031,1.360663504170915,2.6909922210778845
TV_GRP,105.99165844264967,16640.690375495997,713736.8924731183,0.023314880526681955,42.89106259221799,3.128424198113302,7.2884774823513645
Meta_Impressions,240.73897346103618,37796.01883338268,2201928.3996,0.01716496269372277,58.258209926998575,7.105593412447356,22.48546450026615
